ID,y
1,79.20636
2,93.74725
3,78.986046
4,78.78379
5,112.03151
8,92.953064
10,111.51021
11,93.641136
12,114.21244
14,94.14501
15,114.18363
16,103.13178
17,94.17407
19,93.9818
20,104.58463
21,94.09091
22,114.32196
23,94.17407
26,94.12784
28,94.77279
29,94.17407
33,94.17407
35,93.77271
41,94.17407
42,93.78856
43,114.27223
45,102.796814
46,103.03155
51,93.74924
53,79.47278
55,112.274666
56,93.157646
57,104.467094
58,94.18273
59,103.27697
63,111.48626
64,93.91223
65,104.61682
69,94.31289
71,94.2627
72,103.54559
73,94.03286
76,103.3487
77,104.442665
78,113.98167
82,93.95624
83,104.61682
84,93.78469
85,103.20836
87,111.7441
88,94.17407
89,112.07974
91,93.696526
93,94.041016
94,104.20693
95,93.44047
96,110.8906
97,93.33284
98,111.99138
99,93.34991
101,103.57223
103,112.07974
104,93.74547
105,111.06832
110,94.54
111,112.1185
113,112.09915
114,93.412384
115,109.84316
117,111.95728
120,93.39115
121,111.79781
122,94.24288
123,112.20503
126,111.99393
132,111.42056
135,104.79833
137,104.502686
138,94.05314
140,93.01604
142,110.03464
144,111.88847
148,93.24537
149,112.03948
155,94.42844
156,111.78538
157,93.21038
162,112.12754
163,94.08034
167,93.09325
172,114.14977
179,112.52753
180,94.33388
181,110.89652
182,94.09029
183,111.95728
185,111.95728
187,111.53487
188,93.741295
189,93.81833
191,93.76704
192,109.840775
193,93.4375
194,111.39153
195,93.83681
196,111.89373
198,95.013824
199,111.90703
201,104.41208
204,94.05659
205,103.36096
206,93.43849
210,93.64729
211,103.52633
216,111.839966
219,114.08998
220,93.895584
221,110.84036
226,110.89652
227,93.67402
228,111.839966
230,111.70813
231,93.21038
235,114.1995
236,93.166336
238,111.66392
242,103.58926
243,93.56441
244,78.74248
245,108.57876
247,112.103645
248,93.703094
249,93.66898
250,111.6429
251,93.166336
253,114.1995
254,94.72349
256,93.64603
257,93.22792
258,111.76808
259,93.25259
262,80.64804
266,93.55885
267,111.7399
272,102.9956
273,111.95728
275,95.8432
276,112.05499
279,94.289154
280,104.57092
283,93.17797
285,111.56529
288,111.95728
289,94.02232
290,104.495804
291,94.01628
292,110.33016
293,111.2806
296,95.74668
297,111.8749
298,113.837
299,93.75874
304,93.49475
305,99.633484
306,93.50461
307,110.88249
311,107.593895
313,110.92433
314,93.56257
316,93.89423
324,93.40516
327,94.197014
329,93.597496
330,111.3775
337,104.5776
338,94.31668
339,104.29824
340,93.85647
343,93.1129
345,114.06117
346,93.10403
347,111.75393
349,110.15351
350,93.49233
352,112.3758
353,92.90184
354,78.67804
357,93.45155
358,111.84959
362,111.37068
364,114.36603
365,103.381836
366,93.77451
367,111.67928
368,94.23704
370,78.93437
373,94.04414
377,93.601234
378,110.88319
382,103.22624
384,111.839966
390,93.24521
392,111.98768
393,111.71205
395,94.051254
396,104.9842
399,80.06616
406,110.92433
408,110.92433
409,93.81467
410,78.61673
412,112.43075
413,92.88804
419,93.16235
420,111.97201
421,92.88405
430,100.488266
434,93.60459
436,94.09629
437,93.04332
438,93.14814
439,111.76198
440,93.33063
443,111.713135
446,94.05729
448,93.47438
452,93.314415
453,103.496826
457,104.37864
458,93.649765
459,112.76328
460,103.57645
462,104.18875
464,103.73807
465,114.10695
467,118.18378
471,111.80486
472,78.51187
473,93.7165
475,94.18143
480,93.80747
488,111.61607
490,110.89946
491,103.31296
492,78.76303
493,93.6673
497,93.01484
498,111.48145
499,93.86947
500,103.00262
501,93.66721
502,112.164925
506,79.213425
510,111.45011
511,92.975395
512,93.597015
516,93.76633
518,93.63202
519,111.46586
521,93.15309
522,112.148476
526,111.61438
529,93.83371
532,111.6463
533,93.34164
536,111.97274
537,99.41907
539,93.94221
540,103.31296
541,94.05771
543,93.852745
546,112.08818
547,93.15411
548,79.01504
551,93.64397
552,103.50054
556,104.10276
557,94.38403
558,111.69625
559,94.15159
560,103.01846
562,103.31057
566,93.69323
570,111.48145
571,93.04332
572,104.58789
573,93.75826
575,114.10695
576,110.89002
577,93.49215
579,92.93127
580,111.723434
581,111.4235
589,110.89946
591,102.65954
593,94.12838
594,103.24591
595,93.5061
598,93.44615
602,111.52289
604,112.11379
606,109.88883
608,93.79148
609,103.5433
610,93.60676
616,111.75687
617,93.987686
618,102.648796
620,103.45124
622,111.48898
623,93.02084
624,136.89432
626,111.553856
628,111.60399
629,93.55546
630,111.7251
637,94.04836
638,104.4716
643,93.75745
645,93.80747
646,116.67086
648,94.57972
652,93.589836
653,93.02587
654,111.48145
656,111.978485
657,93.308136
659,94.73907
660,103.61479
663,93.79176
664,111.97211
666,103.76429
668,111.46187
669,93.01154
671,93.97528
675,93.794205
677,93.0788
678,108.58448
679,104.78449
682,95.076294
685,103.25313
687,94.03053
688,93.16972
693,110.98315
696,94.164665
698,93.62329
701,93.85864
704,103.46644
705,114.12916
709,112.55646
710,93.30216
711,104.85528
712,93.84406
714,111.489685
715,93.39896
716,110.91637
717,94.02026
720,114.07814
721,93.784004
724,102.29066
725,94.00334
726,110.65665
728,111.59247
731,93.410904
734,103.88389
738,93.85165
745,111.08023
746,93.62038
751,78.82441
754,93.51319
756,93.249596
758,93.0487
759,109.8532
761,113.33698
766,93.45463
767,111.55193
768,93.02084
769,111.8114
770,93.93535
771,78.76303
772,104.04499
773,93.64397
774,111.27092
776,111.85693
777,93.31778
780,114.16674
782,103.31296
787,102.74937
788,93.94221
792,92.99566
793,112.35983
798,94.22177
800,93.258194
806,110.91637
809,111.85693
811,111.90523
812,92.98518
814,114.10695
816,102.85496
817,94.20182
818,107.74851
820,111.09565
823,93.649765
829,93.025314
830,110.05847
831,92.79012
834,111.61613
839,93.495674
841,78.8436
844,103.56564
845,93.64864
848,93.534065
850,94.36115
851,103.62246
852,93.544334
854,93.14058
855,94.33134
856,102.744705
859,103.69034
861,111.29327
864,93.35097
865,111.3073
866,93.11429
867,93.06256
869,93.84609
871,93.1837
872,110.93871
882,102.59091
883,93.62694
885,94.09586
888,94.25378
893,110.96747
901,108.654366
903,103.38284
904,94.0649
905,103.714264
910,93.94721
911,111.58051
914,111.99161
918,111.46437
921,92.93366
928,93.83077
929,103.73708
932,93.7591
933,105.50981
934,94.00434
935,111.81866
937,80.461464
939,93.902725
940,102.98984
941,93.83003
942,103.29844
943,93.83009
944,103.49424
947,110.98625
949,111.58472
951,110.679184
952,94.086136
953,103.38284
954,78.77995
957,111.908264
959,93.12346
960,114.52995
963,114.176834
965,110.98625
967,103.31233
971,93.86393
972,78.758545
973,93.53448
974,111.91279
975,93.456955
978,115.555046
980,112.10251
981,93.94624
984,111.74574
986,94.00434
988,93.14786
989,111.73818
990,103.187546
992,108.672424
996,93.176926
999,112.1064
1000,93.3565
1001,111.354836
1002,93.18885
1003,111.92682
1004,93.20074
1008,111.5448
1009,93.33544
1010,104.612755
1012,115.04721
1013,94.14433
1014,111.91417
1015,93.40882
1016,114.19904
1019,93.502045
1020,111.89715
1021,94.00434
1022,103.37482
1024,94.00434
1025,79.12793
1027,93.943665
1028,104.21834
1029,93.381424
1030,93.96136
1033,112.00892
1036,94.089264
1037,110.88425
1038,93.30463
1042,93.902725
1043,103.00221
1044,93.736496
1045,111.52557
1047,113.12139
1050,93.96231
1051,110.98625
1054,93.77678
1056,93.94624
1057,93.71416
1059,94.0004
1062,100.04173
1063,103.22599
1064,93.94624
1066,93.71981
1070,104.05439
1076,111.51356
1077,100.42475
1078,111.015
1080,111.32568
1082,109.957664
1083,94.340996
1089,110.36233
1091,94.358444
1093,94.22129
1097,94.30908
1099,93.43635
1101,94.00434
1103,93.52277
1104,111.33871
1106,111.4554
1109,94.23343
1110,111.39711
1111,94.160225
1112,113.040764
1114,93.77076
1116,94.27782
1117,111.460945
1120,93.677505
1124,111.79247
1125,93.67514
1126,111.723236
1134,111.72914
1137,93.88362
1138,111.67754
1144,110.97594
1145,93.655304
1146,93.75924
1148,93.51613
1150,93.66419
1152,103.61318
1153,94.27488
1154,103.57515
1155,93.923935
1157,93.555016
1162,93.95377
1165,112.00627
1166,93.22002
1167,103.32019
1168,94.038826
1169,103.75027
1171,114.298744
1172,94.58144
1173,103.75027
1174,93.925224
1176,94.5682
1177,103.65504
1178,93.716705
1182,111.94687
1186,94.194115
1187,112.64801
1188,94.05569
1189,114.2666
1191,104.66906
1192,94.14545
1197,111.15829
1198,94.02344
1200,78.97302
1201,93.70369
1203,94.996605
1209,114.20681
1214,104.401985
1218,109.60606
1222,94.55325
1226,94.88328
1228,94.28032
1230,94.047104
1232,79.23381
1233,93.97073
1236,113.278275
1238,93.98812
1241,111.13707
1244,104.8851
1246,94.59242
1247,112.31494
1250,112.6033
1251,93.93959
1254,112.14323
1255,94.05299
1256,108.41504
1257,94.70056
1258,93.84481
1259,111.192474
1260,94.717766
1263,111.18216
1267,79.292595
1268,110.77295
1271,94.348694
1272,111.206505
1274,103.85718
1275,94.29765
1276,111.192474
1277,93.66096
1279,94.121895
1281,94.05918
1282,94.19781
1283,112.2705
1285,112.050995
1286,94.26455
1289,111.81018
1296,111.22526
1299,94.02569
1301,93.57185
1306,93.63948
1307,93.95628
1308,94.3153
1313,111.192474
1314,94.497086
1315,111.56256
1316,94.28829
1317,111.234314
1319,94.06906
1323,94.34632
1324,103.808235
1325,94.10059
1328,104.0231
1329,94.43494
1330,111.47589
1331,93.6321
1332,104.24925
1337,94.72098
1338,111.262085
1339,93.66495
1340,111.97318
1343,112.306786
1347,104.3986
1348,94.073265
1349,104.537384
1352,94.121895
1354,94.87286
1359,112.57531
1360,94.39927
1363,111.234314
1364,94.426865
1365,103.7285
1366,94.48988
1372,94.65573
1375,103.582275
1376,94.06831
1378,93.724625
1379,112.315796
1380,94.39927
1381,103.93401
1384,110.405655
1387,94.02569
1388,111.92324
1392,78.950066
1394,104.921844
1395,94.636826
1396,111.234314
1398,94.2869
1399,111.234314
1400,94.16927
1401,94.131454
1403,94.36448
1404,109.81406
1406,111.234314
1407,94.16569
1408,111.18216
1410,79.292595
1412,111.192474
1413,94.646904
1415,94.46304
1420,111.18216
1422,109.52309
1423,107.942375
1424,111.18216
1425,94.72583
1426,79.292595
1427,95.1795
1429,93.273254
1430,111.688065
1431,94.83941
1432,103.85385
1434,112.19507
1437,94.46415
1438,103.914085
1440,112.08586
1441,111.95629
1442,94.00468
1444,110.99407
1445,94.5027
1446,103.80932
1448,93.46389
1453,94.42293
1454,111.192474
1455,94.29765
1456,110.45731
1458,111.192474
1459,93.71241
1461,93.92164
1465,94.02569
1466,111.11918
1469,94.34632
1472,94.42293
1474,94.04098
1477,111.97695
1479,111.31528
1482,93.637764
1483,79.26221
1487,94.419556
1488,111.686424
1490,112.19295
1492,110.19785
1494,114.45497
1496,103.29657
1497,94.064285
1499,94.806694
1502,93.83267
1507,110.32354
1508,94.121895
1509,111.67418
1511,94.173004
1512,111.19784
1513,113.9037
1514,103.480804
1518,112.00256
1519,93.375275
1522,111.84717
1524,79.17895
1527,94.00468
1529,93.865395
1532,103.63025
1536,112.22676
1537,114.37297
1539,104.89413
1542,111.61748
1543,94.06831
1544,103.68228
1545,79.74093
1550,94.08576
1551,111.69954
1554,103.36887
1556,103.80932
1559,94.63207
1560,78.98596
1562,94.42515
1566,93.39909
1567,111.97709
1569,103.86871
1570,112.92753
1571,111.964424
1574,94.121895
1578,103.57898
1580,93.71489
1583,111.90687
1584,94.121895
1585,111.66131
1586,94.512024
1587,112.122955
1588,93.31185
1590,113.77419
1592,103.07163
1596,111.31059
1598,110.36232
1599,94.14824
1604,115.27396
1606,102.73961
1607,94.646904
1608,103.17827
1609,114.48249
1611,94.61354
1613,94.79844
1616,94.68828
1619,111.240234
1620,93.78698
1621,111.92474
1622,94.13774
1625,108.84403
1627,114.48249
1629,111.09537
1634,94.25542
1636,94.21219
1638,103.54256
1639,94.18529
1641,95.1795
1643,94.636826
1644,103.16049
1645,114.43276
1646,93.92094
1647,103.36887
1648,94.36518
1652,93.71489
1653,112.154655
1656,96.1327
1658,94.14824
1659,111.64384
1661,94.05457
1663,94.646904
1664,112.182495
1665,94.280205
1666,103.80932
1667,102.71708
1668,79.34909
1669,103.21811
1670,94.6507
1672,112.17861
1674,112.110306
1677,111.686424
1678,93.88835
1679,111.96242
1680,94.951126
1683,103.910255
1686,104.05138
1687,109.583984
1689,112.003044
1690,94.13237
1691,114.34416
1692,112.15258
1693,94.121895
1695,94.31647
1696,94.42293
1697,111.62981
1700,103.80932
1701,94.25838
1702,112.122955
1703,93.618164
1704,112.21344
1706,94.6172
1707,111.94188
1708,94.32821
1710,94.5943
1711,103.78504
1713,104.40885
1717,103.87218
1719,103.57898
1720,94.01142
1722,94.413826
1725,103.06892
1726,94.192894
1727,105.104996
1729,111.73244
1730,93.8055
1731,111.84225
1733,103.80932
1734,94.68077
1735,109.52309
1738,94.79844
1742,93.96948
1745,112.110306
1747,94.23057
1749,94.357796
1751,94.225624
1752,79.07455
1753,102.82612
1754,94.1269
1755,94.734055
1756,104.77348
1758,111.62467
1759,94.29765
1760,105.071335
1761,112.283905
1762,94.078705
1763,111.05844
1764,95.39073
1766,94.95722
1768,94.43428
1769,79.76499
1771,112.72629
1772,94.349335
1773,104.834595
1774,95.1049
1775,112.36498
1777,112.547005
1779,94.77005
1780,105.35681
1787,94.09056
1788,94.24346
1790,94.78139
1796,112.46352
1801,94.0661
1803,94.27284
1807,111.937515
1809,112.03255
1812,93.81312
1813,111.984924
1814,94.302025
1815,110.991714
1816,94.56644
1818,93.733665
1820,93.76039
1821,113.18731
1822,94.34734
1825,93.75747
1826,103.67813
1828,94.22586
1831,103.47014
1836,110.93459
1837,93.89049
1841,93.91613
1844,102.831795
1848,93.5274
1851,104.80139
1852,94.35133
1853,93.60411
1854,111.81158
1856,94.29173
1859,112.01852
1860,94.110016
1861,79.31902
1863,104.335915
1865,94.09003
1866,104.802925
1867,94.50309
1868,93.46813
1872,94.033516
1879,94.432976
1880,103.38322
1882,93.9811
1885,103.81752
1887,103.3712
1888,94.31577
1890,111.52897
1894,94.71058
1895,102.85499
1896,93.934494
1897,112.548515
1900,112.003204
1901,93.66551
1902,110.97472
1905,93.48844
1906,110.48468
1912,103.486244
1915,94.13026
1916,104.1525
1917,94.18696
1918,103.721375
1920,78.98415
1923,93.6478
1924,103.80196
1925,94.10875
1930,114.42764
1932,111.17947
1933,94.175705
1934,111.60481
1935,93.67673
1940,79.23775
1941,93.42693
1942,112.13512
1943,94.13055
1944,93.23127
1945,109.48857
1948,114.31812
1949,94.08714
1952,94.35802
1954,94.034935
1955,111.12731
1958,94.063156
1959,79.07908
1960,110.741554
1963,94.315384
1965,94.028984
1968,103.54555
1969,94.339905
1971,94.32405
1972,111.76149
1973,93.29821
1975,93.32958
1977,94.09564
1978,94.40509
1979,111.81668
1981,93.35366
1982,112.1676
1987,112.113914
1988,93.31213
1993,94.295364
1997,93.78928
1999,94.198616
2001,94.71148
2002,113.195595
2003,93.84072
2004,80.669136
2006,111.94128
2007,94.64161
2009,104.8811
2010,94.326866
2013,94.77683
2018,78.79186
2022,103.41571
2024,110.59527
2025,94.35487
2026,104.25076
2030,104.79738
2031,93.91138
2032,103.52413
2033,94.27186
2035,93.51338
2036,111.80462
2037,93.88866
2040,94.73102
2043,112.71932
2044,105.16834
2046,103.698425
2054,111.98087
2055,93.90269
2056,104.82957
2059,93.619934
2060,93.7034
2062,93.4102
2063,112.18344
2066,94.74847
2067,109.99972
2072,94.236755
2073,111.86038
2074,94.33604
2075,112.2354
2076,93.39021
2080,93.488335
2082,93.7034
2085,110.578255
2087,111.634865
2091,111.07464
2092,94.56374
2093,104.82957
2098,94.3981
2101,110.741554
2102,93.77155
2103,79.23775
2105,104.8186
2106,94.193245
2107,112.31644
2110,93.78008
2114,94.58835
2115,112.13512
2117,79.389366
2118,93.79255
2119,104.11308
2120,94.22469
2122,93.957664
2123,111.896164
2126,94.312805
2127,103.55016
2128,93.971466
2129,111.08239
2132,94.73882
2135,103.7657
2138,93.89369
2139,114.42764
2141,110.03768
2142,93.71766
2146,94.546906
2151,111.89629
2157,103.50097
2159,112.55771
2162,94.21142
2164,113.291084
2167,93.37763
2168,111.52058
2171,93.26188
2173,94.21148
2174,103.47764
2175,94.083954
2178,94.38052
2180,94.61404
2185,111.575485
2189,93.91585
2190,109.69961
2192,102.80166
2194,112.999146
2200,111.09962
2201,93.89117
2203,110.72806
2204,93.63012
2205,110.84444
2209,110.534744
2213,103.57444
2214,93.725945
2215,112.15944
2216,93.86336
2218,93.41956
2219,103.9839
2220,94.21487
2222,93.089806
2223,111.52777
2225,111.81983
2226,93.88719
2230,93.856926
2233,109.65521
2234,110.88421
2235,93.63012
2236,79.10578
2237,93.70834
2240,113.07737
2241,94.110596
2248,103.46854
2249,94.59622
2250,111.30281
2252,111.656685
2253,94.23667
2254,111.618706
2256,79.02112
2258,93.95329
2259,111.54983
2262,94.651024
2265,94.35496
2266,103.182
2269,94.10933
2271,94.62012
2273,93.64151
2274,111.616486
2275,93.880806
2277,94.069084
2279,93.63012
2280,78.77049
2282,94.61404
2283,102.66763
2288,93.225746
2289,110.48597
2291,94.17326
2292,114.379555
2297,94.18571
2298,103.55131
2299,94.061874
2300,112.1635
2301,93.47177
2304,93.76484
2305,102.784485
2306,94.651024
2308,93.428085
2309,111.624596
2311,94.99171
2312,104.18164
2316,103.01544
2321,103.56548
2322,111.165085
2325,103.4549
2326,93.60365
2329,114.379555
2330,94.051636
2331,103.537224
2332,109.658005
2333,94.651024
2334,102.78318
2335,108.24863
2337,110.779686
2338,93.40735
2340,109.658005
2342,94.587524
2345,94.36461
2349,93.91076
2351,78.87837
2352,94.114655
2354,110.97244
2355,115.91635
2357,111.77943
2358,94.4239
2360,94.19
2361,110.97244
2364,93.97405
2366,94.47151
2369,104.09962
2370,94.44551
2371,109.56102
2373,116.57388
2374,94.33056
2376,111.95364
2378,110.13903
2382,94.59791
2383,93.600136
2386,103.25437
2387,94.410576
2389,94.08192
2390,110.10162
2392,93.66542
2398,109.658005
2399,94.02504
2400,93.96455
2401,111.441605
2402,94.26817
2404,93.884834
2407,110.15101
2408,111.32525
2409,111.728004
2412,79.741165
2413,94.60213
2415,93.4419
2420,109.85189
2422,93.83842
2423,102.64559
2426,94.35288
2432,94.285194
2434,93.34192
2435,94.12097
2436,111.7672
2438,110.053604
2440,111.99539
2443,93.83276
2444,93.90808
2447,103.46854
2450,94.3758
2454,93.5044
2455,111.69973
2459,94.651024
2460,111.72589
2463,93.931274
2465,93.97025
2468,79.13414
2469,93.63012
2474,93.54043
2478,94.26612
2480,94.01593
2481,113.07737
2489,94.61404
2490,104.5666
2492,93.56253
2496,94.651024
2497,111.51569
2500,94.09809
2505,94.633575
2507,93.14325
2508,110.84444
2509,94.31514
2510,79.28879
2513,93.225746
2515,94.61404
2518,93.600136
2519,110.20384
2520,93.600136
2521,112.05797
2523,111.466484
2525,93.464264
2529,110.88199
2530,93.89254
2533,110.07294
2535,93.41364
2538,102.77618
2544,110.15868
2553,111.91154
2556,93.5312
2558,93.42042
2559,115.97391
2560,93.69276
2561,111.527084
2562,94.124405
2563,110.914825
2564,93.34192
2565,109.65521
2567,104.648384
2572,93.912025
2575,94.18451
2576,112.743065
2577,93.24899
2578,94.065605
2579,111.145226
2580,93.25846
2582,112.12738
2583,93.80295
2587,93.61379
2589,111.689186
2590,93.62497
2591,110.88199
2594,94.0689
2597,94.67109
2598,103.269966
2599,94.26802
2600,102.640884
2602,110.59738
2603,93.912025
2604,104.47929
2606,111.10159
2607,78.95076
2608,94.12256
2613,110.86857
2614,94.21065
2615,111.8307
2617,112.00309
2620,93.78195
2623,112.48846
2624,94.63754
2627,110.86857
2629,78.93734
2630,93.686844
2632,94.23456
2636,94.263985
2639,93.5188
2640,104.13142
2642,110.86857
2644,103.62514
2646,111.424194
2647,94.396904
2649,93.53044
2650,107.63114
2652,103.61391
2653,102.40628
2655,109.074425
2657,109.644585
2659,111.048744
2662,93.818436
2663,113.06395
2664,94.302864
2665,103.09446
2670,93.50349
2671,103.72753
2672,93.911964
2675,103.61391
2677,111.43335
2679,111.45654
2683,111.84063
2684,94.444725
2685,93.48392
2688,103.482956
2689,94.43645
2690,103.56481
2693,93.689354
2694,112.46646
2697,107.80174
2699,94.01126
2703,94.004845
2705,103.55702
2709,78.95711
2710,93.49977
2711,111.372475
2712,93.90097
2713,94.71526
2714,112.10922
2715,93.20534
2717,93.19779
2718,110.54547
2720,111.271576
2721,93.57428
2726,94.087364
2728,93.65384
2731,102.38581
2732,110.982056
2734,94.2638
2736,103.19078
2737,94.14983
2738,102.80046
2739,112.53934
2746,93.39161
2749,102.878235
2751,114.23306
2752,103.50378
2753,93.92764
2757,104.686005
2758,94.28856
2759,111.637825
2760,93.41928
2762,111.732925
2764,94.09945
2765,110.12448
2769,111.879486
2771,111.515
2774,94.35464
2776,93.508125
2777,110.380615
2778,93.52125
2779,111.94742
2782,92.99823
2784,93.426834
2787,93.35961
2789,94.29851
2792,94.30179
2798,94.46251
2799,103.19922
2800,93.70094
2801,79.217255
2802,93.7112
2804,93.95252
2807,103.43815
2808,94.40897
2809,116.84462
2811,113.92847
2812,94.045845
2814,93.13064
2816,93.620056
2817,111.89626
2818,111.178955
2820,111.60999
2821,79.50196
2822,93.96285
2823,103.62553
2824,93.64983
2826,94.02257
2829,93.75352
2834,93.73132
2835,78.93556
2838,94.53014
2839,111.0824
2840,93.474045
2841,111.22626
2842,94.58307
2846,112.56204
2848,94.32386
2849,93.07174
2850,112.10922
2851,94.059814
2853,93.54968
2854,110.854034
2858,112.18169
2861,94.460304
2864,93.494576
2865,113.049416
2866,111.537964
2867,93.1596
2868,111.83744
2870,110.93149
2877,93.499855
2878,110.854034
2880,111.87224
2882,78.90825
2883,94.28933
2884,103.39159
2885,93.80468
2887,94.54608
2888,110.61926
2889,94.15111
2890,103.5706
2891,94.92375
2892,114.19548
2893,94.29196
2898,112.05013
2899,93.649994
2900,111.442276
2901,94.11918
2909,94.129944
2910,111.92458
2911,111.74082
2913,111.220436
2914,94.65542
2918,93.589676
2919,110.64387
2920,94.00907
2921,110.854034
2922,94.46783
2923,102.71242
2925,110.0896
2926,93.23051
2927,110.89102
2929,111.76384
2933,93.18913
2934,111.92838
2936,110.18243
2941,103.161934
2942,93.60089
2943,111.67647
2945,103.51068
2950,93.37536
2951,111.58939
2953,114.97339
2954,93.789276
2955,103.5022
2956,94.87333
2960,94.6056
2962,93.654434
2963,104.85964
2964,103.657265
2966,78.83065
2967,94.45495
2968,112.10881
2969,93.25183
2971,93.500885
2972,94.22215
2974,93.87391
2975,111.67272
2977,114.31967
2980,111.81694
2981,93.86066
2983,94.36272
2984,104.88729
2985,114.376
2986,104.28308
2987,94.22215
2989,93.784256
2990,110.68216
2991,93.58601
2992,79.15304
2995,107.90081
2996,102.844574
3002,112.28814
3004,111.43511
3005,113.467705
3006,94.14711
3010,94.32395
3011,103.86391
3014,93.27998
3015,93.96561
3016,94.27579
3017,110.13482
3018,93.730675
3021,102.85537
3024,103.40465
3028,93.526535
3030,93.58565
3032,93.64429
3039,93.911385
3040,105.59486
3041,94.30769
3043,93.768326
3044,111.81571
3046,111.12799
3055,93.70458
3056,111.395836
3058,93.67175
3059,110.063446
3061,114.23767
3063,103.38062
3066,94.40843
3067,103.40465
3068,79.06785
3069,93.63868
3072,113.81942
3073,112.033356
3074,94.19
3077,93.28726
3082,94.4267
3084,107.90081
3085,111.52835
3088,103.668495
3091,93.44279
3092,112.71362
3093,94.376724
3094,102.58846
3096,111.483955
3097,93.640785
3098,79.023315
3102,113.95588
3106,94.10135
3109,94.098076
3111,93.180626
3112,113.467705
3113,93.67567
3115,94.119
3116,111.73055
3117,94.01197
3121,111.87839
3122,93.82575
3123,94.13454
3124,104.57352
3125,94.27579
3126,102.747215
3127,114.20886
3129,94.00152
3130,111.63127
3132,104.154625
3134,106.77243
3135,94.62754
3137,80.29901
3138,93.50579
3140,95.52689
3144,111.88227
3145,94.3077
3146,111.88057
3147,93.70472
3148,103.87294
3149,103.40426
3150,111.964905
3151,94.136314
3152,94.40843
3155,93.651726
3156,112.1587
3159,93.372734
3161,94.229065
3162,105.0817
3163,94.8346
3165,102.72848
3172,93.83182
3173,112.41189
3176,93.67932
3177,103.3525
3179,111.67272
3183,94.18907
3186,94.17589
3187,102.769
3189,110.63787
3190,94.475395
3192,114.20886
3193,93.83182
3194,111.16611
3197,94.09184
3198,94.02692
3200,94.14654
3201,114.696075
3202,94.02692
3204,94.63002
3205,93.721504
3206,111.95127
3208,103.54059
3210,102.9144
3211,94.43998
3212,114.23767
3213,93.54319
3214,110.67765
3216,103.668495
3219,93.32797
3220,110.05682
3221,93.67567
3226,107.03166
3227,94.63262
3228,111.295395
3229,94.20425
3232,79.15304
3233,94.28698
3234,93.55871
3236,94.61141
3238,110.9531
3239,111.2438
3240,93.440155
3247,111.5812
3249,103.22179
3252,117.44594
3253,94.3625
3254,103.55639
3255,93.7065
3256,112.618614
3257,94.21481
3262,94.41626
3263,103.657265
3264,94.87333
3266,111.75997
3267,94.27325
3269,93.93407
3272,114.376
3274,94.09184
3275,104.67708
3277,93.77183
3279,95.0218
3280,104.1383
3283,94.65329
3285,94.61048
3287,94.87843
3288,103.40465
3290,104.66056
3291,93.70479
3298,111.86723
3299,93.71998
3302,110.964226
3303,94.60786
3304,104.45424
3307,93.585335
3309,93.90889
3314,79.08756
3316,112.345345
3317,94.86421
3319,94.297066
3320,111.88607
3321,94.07208
3322,103.77344
3324,93.24816
3326,93.80445
3329,110.81736
3330,93.44126
3331,111.886795
3335,114.25988
3337,94.345436
3338,104.89921
3339,94.381325
3340,111.5595
3341,93.95207
3343,93.50815
3346,93.349304
3348,94.38689
3351,103.417145
3352,114.396675
3355,93.476135
3356,112.08157
3358,105.03489
3359,94.321266
3360,111.5897
3371,112.139305
3372,93.704704
3374,94.57819
3377,111.087654
3378,92.8451
3380,104.1674
3382,94.33169
3386,94.04251
3389,111.56821
3391,103.561714
3393,93.57501
3394,103.624954
3395,94.32002
3397,110.9656
3398,94.65178
3399,79.163315
3400,94.53901
3404,103.64534
3407,111.60367
3409,104.06077
3419,93.80487
3421,93.897316
3425,94.46626
3427,79.52105
3428,114.3885
3429,111.9992
3431,93.443756
3435,94.13027
3436,111.68522
3439,94.37365
3441,93.72624
3442,114.3885
3443,94.4493
3444,102.92206
3445,93.904526
3446,110.10486
3449,93.61869
3453,93.57573
3457,93.644165
3460,103.417145
3461,94.052414
3462,94.25126
3464,103.39312
3465,79.06785
3466,94.45302
3467,103.35023
3468,94.45857
3469,103.520515
3470,102.799324
3472,110.9656
3473,93.68495
3475,93.66779
3476,111.941895
3478,104.21859
3479,93.94343
3483,93.657135
3484,103.73262
3485,94.53648
3487,93.69416
3488,111.70496
3496,111.44351
3497,93.949715
3499,94.64409
3500,79.00652
3501,94.254
3504,94.168816
3508,104.74486
3511,94.12618
3512,112.50807
3515,93.97948
3517,93.924065
3518,102.94629
3526,111.81839
3528,119.795494
3529,93.66211
3530,111.19405
3531,94.259705
3532,110.12641
3533,94.108986
3534,93.69126
3535,78.82017
3536,93.907364
3537,111.75444
3538,93.76891
3539,111.03507
3540,103.450325
3545,111.676025
3546,93.291504
3550,103.3193
3551,93.684074
3553,94.29832
3554,103.417145
3557,93.73783
3558,111.82763
3559,93.61869
3561,93.67127
3562,110.9656
3563,94.17923
3564,103.417145
3565,93.904526
3567,93.962746
3571,103.417145
3572,94.47439
3574,94.47465
3576,93.86042
3577,111.497284
3578,94.278076
3579,93.86042
3583,93.66213
3585,94.40344
3586,103.65173
3587,111.86832
3593,93.47513
3594,110.339485
3595,93.94443
3599,94.38784
3600,103.610054
3601,110.9656
3602,93.61869
3604,93.931656
3609,113.80028
3610,112.68397
3612,111.29814
3614,113.24926
3615,94.05656
3617,95.122086
3618,111.863144
3619,111.75024
3620,111.734085
3621,94.00249
3625,94.13048
3626,102.9205
3630,102.97853
3631,93.94993
3632,104.61747
3633,94.2407
3634,111.879036
3637,93.6921
3639,94.40276
3640,112.068596
3641,93.411476
3644,112.08157
3645,93.91835
3646,94.25974
3647,93.480484
3648,110.9656
3653,112.00015
3654,94.15205
3655,112.08295
3659,102.815445
3660,94.43498
3662,111.3683
3666,93.69553
3668,94.46702
3671,93.889114
3673,94.08147
3674,111.55848
3675,94.45002
3681,93.49884
3682,112.016785
3686,110.69015
3687,93.29149
3692,80.49554
3695,111.89567
3696,93.81418
3699,111.11376
3705,113.580055
3707,79.15304
3708,94.423584
3709,112.06933
3710,93.951035
3712,94.57322
3715,111.98612
3716,93.805405
3720,112.011826
3722,79.15304
3726,94.50747
3728,93.77674
3729,111.87309
3731,102.91013
3735,111.48966
3736,94.58732
3739,102.70517
3741,111.49467
3743,103.51996
3744,94.22619
3745,112.03182
3746,93.637474
3751,94.39885
3753,93.54056
3760,111.46777
3761,94.55772
3762,111.23388
3763,94.17707
3765,94.28246
3768,112.32788
3769,94.01751
3770,103.76328
3773,111.142105
3774,94.97373
3776,94.32369
3778,94.09897
3779,111.48242
3780,93.538124
3781,111.82537
3782,94.3971
3783,111.01662
3784,93.83086
3786,94.50747
3789,111.61911
3790,94.08012
3793,111.83763
3795,111.949135
3797,94.33214
3798,114.3885
3800,111.71873
3804,94.97373
3810,94.501686
3815,112.00686
3816,94.97373
3818,103.40414
3824,110.9656
3828,103.38798
3830,111.70265
3831,94.75888
3832,78.93499
3834,112.00015
3835,93.8996
3836,111.73648
3838,94.643524
3839,114.25017
3840,112.06207
3845,94.21641
3846,111.11111
3847,93.924065
3849,79.065926
3853,110.95517
3855,104.74486
3856,94.42878
3864,79.203476
3865,94.114845
3866,111.638626
3867,94.10655
3868,111.71873
3869,94.311386
3871,93.71263
3875,103.354126
3876,93.91415
3878,93.64378
3879,112.0483
3881,111.71873
3883,111.23601
3884,93.68313
3886,110.73007
3890,94.83535
3893,111.84869
3897,104.64704
3901,94.12693
3902,110.7136
3913,112.12955
3914,94.19132
3916,93.591644
3917,112.00015
3924,104.4649
3925,94.26239
3928,95.06528
3929,111.8162
3932,94.118835
3933,103.68099
3934,78.806335
3935,93.59202
3936,94.12017
3937,111.0942
3938,93.436356
3939,111.73648
3943,93.49328
3944,110.9656
3945,111.99023
3946,93.52188
3947,111.93306
3948,94.317955
3949,110.9656
3950,93.798386
3951,111.27644
3952,94.25126
3953,111.67643
3961,113.08243
3962,94.15962
3966,93.641945
3967,103.42186
3968,94.506836
3969,112.399414
3970,94.6663
3971,104.71267
3973,93.6093
3974,111.01662
3975,112.113396
3977,95.05878
3979,111.87248
3985,93.89848
3986,104.25602
3988,111.73648
3991,94.26488
3992,103.41932
3993,93.98251
3994,94.13551
3995,111.778275
4005,112.086365
4007,93.87787
4008,103.51521
4009,94.63514
4010,111.77951
4011,78.82327
4012,93.701324
4013,104.75457
4015,111.5596
4016,111.95824
4018,111.71873
4025,94.124886
4026,112.171196
4028,111.89836
4029,94.90637
4031,94.14328
4032,111.99023
4033,93.45369
4034,103.70635
4037,93.973465
4038,102.61756
4039,94.01037
4041,94.28993
4042,110.90725
4043,94.37622
4044,103.68099
4045,93.47299
4046,111.01749
4047,95.217224
4048,104.760704
4049,93.673935
4051,94.74433
4052,111.00259
4058,103.45065
4062,111.6527
4064,110.97927
4067,93.86042
4068,79.08756
4070,93.98246
4072,114.613045
4074,112.43605
4075,93.409706
4076,112.264786
4077,93.861374
4078,112.117836
4080,103.68099
4082,111.65829
4085,93.94151
4086,111.72091
4088,112.171196
4089,93.90006
4092,78.885796
4094,94.06462
4095,111.89416
4096,93.82911
4097,103.55861
4102,93.72847
4105,110.88016
4107,111.331535
4111,93.98642
4112,103.60015
4113,94.54944
4114,110.747856
4115,93.87142
4116,111.93779
4117,94.14772
4118,94.311386
4119,111.19733
4120,94.21919
4122,80.85948
4125,93.95198
4126,111.9097
4129,112.00015
4134,111.62454
4137,93.317055
4141,103.58844
4142,94.82606
4144,94.643524
4145,104.4649
4146,94.68132
4150,94.00834
4151,80.14122
4154,93.86042
4156,94.480774
4157,111.583176
4159,111.95824
4160,94.31261
4161,111.48242
4168,94.13085
4171,103.784874
4172,105.32642
4173,94.97373
4175,93.538124
4176,103.68099
4177,94.643524
4178,102.983185
4179,93.65679
4181,111.98489
4183,94.90637
4184,112.08239
4185,93.85623
4186,111.92917
4188,117.89504
4190,111.01803
4192,93.730225
4193,110.83121
4194,111.00259
4195,93.681915
4196,78.95506
4202,94.90637
4203,103.76111
4208,94.479996
4209,112.217606
4210,94.15494
4211,110.8364
4212,114.3885
4214,104.21859
4215,93.73776
4216,111.42393
4217,93.89819
4219,94.590485
4222,111.0942
4224,79.235176
4231,104.16497
4232,94.90637
4234,93.961845
4236,94.643524
4237,103.45065
4240,93.73464
4242,104.57327
4243,94.60637
4247,94.172104
4248,111.879555
4249,93.93952
4254,102.99233
4263,93.67738
4265,111.7427
4267,110.31537
4268,111.78873
4271,111.994736
4272,94.05996
4273,111.68124
4274,93.56138
4276,93.87801
4278,94.30883
4280,94.45184
4281,111.90181
4283,94.10786
4284,111.82406
4285,94.62966
4286,111.65433
4287,94.136406
4288,113.61213
4289,93.76056
4290,79.62978
4293,93.8867
4296,110.17622
4297,93.96702
4299,93.65663
4303,112.92515
4310,94.199234
4312,103.58544
4318,103.45065
4320,111.70657
4322,93.7981
4323,115.43092
4325,104.20196
4326,111.98612
4328,103.752655
4330,103.750565
4332,111.41628
4333,93.75142
4335,94.00601
4336,110.01689
4338,104.762146
4341,94.375404
4342,104.00076
4344,103.45065
4347,94.16116
4348,103.68099
4351,107.5106
4352,94.03496
4353,111.58557
4355,102.97957
4356,93.94151
4359,103.685814
4360,94.39576
4361,94.3094
4364,93.820656
4365,103.53787
4368,94.64934
4372,94.23544
4374,92.978966
4376,94.268654
4377,103.70046
4380,94.25056
4383,105.01268
4384,94.30883
4385,103.05214
4389,93.603424
4391,93.96096
4392,110.693085
4393,93.73691
4395,93.234795
4396,110.9656
4398,111.8216
4399,102.95272
4401,93.67151
4406,93.731094
4408,103.78137
4412,103.719696
4415,94.430504
4418,112.046585
4419,93.01767
4420,79.16935
4422,111.0043
4423,93.01767
4425,94.38442
4428,111.69207
4431,111.99215
4434,94.32908
4436,94.07023
4437,111.278694
4439,114.30307
4440,94.248344
4441,112.14502
4444,94.478294
4445,104.27149
4446,93.598885
4447,112.370865
4452,103.60185
4456,111.99962
4457,94.01862
4458,111.73861
4460,94.05561
4461,114.372444
4462,94.44837
4465,102.954094
4466,103.8302
4468,95.04981
4469,103.77452
4472,112.13498
4475,93.99229
4478,94.0303
4479,112.064186
4480,93.7778
4483,79.10918
4484,93.58986
4485,104.38657
4486,94.811775
4488,93.89204
4489,103.668564
4490,94.23538
4491,107.864044
4492,94.67286
4493,108.02981
4494,94.23017
4495,103.09294
4498,80.46171
4499,94.820595
4500,103.58755
4503,112.22734
4505,102.9819
4506,94.446335
4507,94.361984
4508,103.56475
4510,112.13088
4511,93.35122
4513,94.82302
4516,79.245895
4519,94.03332
4521,94.07416
4531,94.27359
4532,79.37803
4533,103.46279
4534,113.1845
4536,103.56475
4537,94.01862
4539,94.506134
4542,102.82934
4545,93.99022
4549,93.57163
4551,94.12244
4554,103.8135
4556,110.76962
4559,111.90104
4561,111.80907
4562,111.697784
4566,112.32751
4569,93.85193
4570,111.0655
4573,93.82281
4574,103.05457
4575,94.329346
4577,93.99734
4578,111.20797
4580,112.11236
4582,93.95406
4583,111.0655
4585,94.18389
4587,103.56475
4595,93.98048
4596,112.0916
4601,94.40909
4602,112.05487
4603,94.36404
4605,112.357254
4606,93.915306
4607,112.917
4608,94.04206
4610,95.23296
4613,103.63618
4617,93.55352
4618,111.155815
4619,93.95823
4620,94.564964
4622,102.77011
4625,94.05561
4626,103.56475
4627,94.327065
4629,93.4702
4631,93.9955
4633,103.56475
4634,117.799774
4635,94.0698
4639,93.95902
4640,104.77976
4642,103.70842
4644,111.47729
4646,103.56475
4647,94.72215
4648,79.314224
4649,93.86938
4650,112.34526
4655,93.57163
4660,93.48298
4661,112.742905
4662,93.25121
4663,111.94675
4665,94.44585
4666,111.74496
4667,103.70842
4668,94.67907
4670,94.298615
4671,110.38412
4672,93.75671
4673,103.75944
4675,103.849174
4676,94.47059
4677,110.34057
4680,94.45163
4682,93.78582
4683,111.19258
4685,103.79509
4686,93.81007
4688,111.40247
4690,112.37198
4692,112.27034
4693,94.069496
4697,93.75284
4700,111.70855
4702,111.94498
4707,114.76718
4708,94.23683
4710,80.961105
4716,100.61191
4717,94.78305
4718,94.429535
4720,94.945145
4721,81.09845
4723,94.98114
4726,112.35952
4727,93.90662
4729,94.32026
4731,94.586296
4732,111.25075
4735,93.844574
4736,104.18458
4737,94.707985
4738,112.03514
4739,111.487595
4744,104.14014
4747,94.250374
4749,112.88084
4750,94.34732
4752,111.461945
4755,94.98206
4756,103.83121
4757,112.58449
4758,94.62342
4759,103.45782
4763,94.83422
4764,103.63108
4765,94.31152
4766,94.77149
4767,111.5662
4769,112.11072
4770,94.64311
4771,80.70764
4772,103.822334
4774,111.46376
4776,112.391556
4777,112.0046
4778,94.1399
4780,94.71214
4784,94.7159
4786,95.06134
4787,79.45051
4788,94.47501
4789,111.42677
4791,104.07442
4792,94.316925
4795,111.57847
4796,93.70782
4803,93.72776
4805,95.09829
4807,94.01694
4809,94.46355
4816,94.21281
4817,81.00926
4818,93.65013
4820,94.34954
4821,103.17769
4823,112.35091
4824,94.979
4825,111.927376
4829,102.85709
4830,95.319626
4831,114.389366
4833,104.33033
4836,94.56962
4837,111.47779
4838,93.51454
4840,94.56174
4841,79.38616
4842,93.44479
4843,111.82564
4844,94.340775
4849,108.222565
4851,104.923164
4852,94.17248
4858,93.672966
4860,95.319626
4863,111.78811
4864,94.65337
4865,111.84619
4867,112.55518
4868,94.56917
4869,112.075066
4873,93.327896
4875,95.31558
4876,112.0592
4877,93.76884
4878,111.42808
4880,79.47022
4886,112.79866
4888,103.94422
4889,95.12015
4890,112.42921
4893,94.9424
4895,94.509796
4896,103.809006
4899,94.587944
4901,93.963394
4902,112.4333
4903,94.18493
4904,111.42677
4910,93.90413
4912,94.169334
4915,95.15272
4916,104.08174
4917,94.005875
4920,103.822334
4927,104.015976
4928,93.78599
4931,103.97946
4934,94.06016
4936,94.175385
4939,113.36808
4942,112.55639
4943,95.386986
4944,103.52859
4945,94.1658
4947,111.42808
4948,93.46607
4951,94.06733
4952,111.42677
4953,94.25992
4956,94.18493
4957,113.02215
4958,94.13918
4960,93.999855
4968,93.63497
4969,104.3164
4971,103.66251
4973,111.42062
4975,112.44606
4976,94.06157
4978,94.338615
4979,111.562256
4982,94.80818
4983,111.27111
4984,93.84336
4985,114.655266
4986,94.17956
4987,113.575645
4988,94.80771
4994,94.33138
4995,95.2766
5002,79.59636
5004,94.18507
5005,102.97916
5006,94.94222
5007,103.07446
5009,112.17456
5011,111.42062
5014,94.100815
5015,103.85096
5018,93.96709
5019,111.53533
5020,94.09612
5021,111.35323
5022,94.62802
5023,94.58816
5025,95.34385
5032,94.5729
5034,94.011986
5036,94.01151
5038,94.733795
5039,112.8459
5046,94.92391
5049,111.492966
5051,94.52263
5052,93.41054
5053,111.37826
5054,95.30148
5055,94.363525
5057,94.16086
5059,94.156006
5062,95.380356
5063,112.37668
5065,111.865005
5069,94.29076
5071,94.95175
5074,112.66959
5075,93.53329
5076,113.38555
5077,79.38472
5079,103.74499
5080,94.45894
5081,111.39229
5083,103.63984
5088,103.86728
5089,94.34947
5093,111.0285
5094,103.661514
5095,94.46843
5099,110.21548
5101,112.102905
5103,103.11929
5104,94.09219
5105,111.30002
5107,93.61046
5108,111.78605
5109,94.356636
5111,94.22
5112,111.23286
5113,94.22472
5114,111.159355
5115,94.45169
5118,94.595764
5122,95.16745
5123,79.27333
5125,93.91387
5127,103.1846
5128,94.009155
5129,113.988846
5132,94.78261
5134,112.31146
5135,93.8068
5137,111.987656
5142,93.67924
5143,103.50211
5144,94.24057
5148,94.13303
5149,93.92893
5150,104.652855
5154,79.26973
5155,94.46854
5159,94.20539
5164,93.985306
5165,112.41815
5166,94.22595
5167,112.00648
5169,93.294815
5171,93.921745
5172,112.16804
5176,94.54903
5184,111.55824
5185,93.71569
5186,111.89118
5188,104.89304
5189,111.678925
5190,94.13968
5191,112.41815
5193,112.16804
5196,94.1267
5199,79.2308
5200,103.95276
5203,93.24533
5204,110.92192
5205,93.729164
5207,94.10041
5208,107.78346
5212,94.56207
5214,94.10619
5218,93.53428
5220,93.93719
5222,93.46453
5224,95.04672
5225,103.61854
5227,108.36615
5229,103.52201
5232,93.44119
5233,114.89701
5234,103.628426
5237,111.119286
5239,111.207535
5240,93.96499
5241,111.39545
5244,94.0718
5248,112.047134
5251,93.47219
5253,94.41848
5255,94.72975
5256,103.72008
5257,94.19247
5259,94.78558
5260,110.83138
5266,94.100044
5268,94.06941
5275,111.1703
5276,112.00902
5277,93.82374
5279,94.71587
5280,103.52201
5281,94.49954
5283,93.954445
5284,79.33485
5285,95.100204
5286,103.50163
5287,93.81102
5289,94.30889
5290,112.16804
5292,104.78941
5293,94.483215
5294,103.27929
5297,94.096725
5299,104.302246
5302,93.62079
5305,79.068375
5306,94.63487
5308,93.615486
5309,94.65189
5310,112.26138
5312,111.99199
5316,112.03283
5317,94.66815
5319,79.29497
5320,95.16745
5323,93.9845
5329,112.058075
5331,111.28501
5334,111.11277
5336,112.15401
5338,103.7185
5341,93.97283
5345,94.38277
5348,94.04886
5349,112.2712
5355,105.19423
5356,93.79279
5360,104.34615
5362,111.58127
5364,112.10978
5366,105.03602
5367,94.50599
5368,94.10741
5370,94.47044
5371,79.26973
5373,103.57972
5375,111.119286
5376,93.31345
5378,112.10978
5379,93.97532
5383,93.972115
5384,103.32798
5389,112.4547
5391,79.13442
5393,111.41299
5395,112.41909
5397,111.86718
5398,93.90691
5399,112.40595
5401,114.576935
5402,93.62766
5403,112.06304
5404,94.381424
5407,79.13687
5408,94.194275
5413,110.56724
5414,93.96469
5417,94.23898
5418,104.78941
5420,112.32185
5421,93.31984
5424,93.900276
5425,110.92192
5426,93.83166
5429,112.163414
5431,94.435394
5437,102.82007
5440,93.67848
5444,104.19406
5446,103.81126
5447,94.01336
5451,94.05669
5452,105.68803
5455,103.628426
5456,94.64107
5458,93.86025
5459,111.46879
5460,94.46603
5462,94.347496
5463,111.496796
5464,93.592545
5465,111.93042
5466,94.88585
5467,103.83
5468,94.15599
5469,112.000534
5472,93.86352
5474,94.000824
5475,112.270546
5476,95.100204
5479,103.52201
5480,111.15627
5482,112.17499
5485,93.98194
5486,114.576935
5488,79.181305
5495,103.52201
5496,93.911545
5497,111.63432
5499,111.730995
5503,93.70866
5504,93.984116
5507,95.16745
5509,93.5959
5511,94.156906
5512,111.88399
5516,111.34127
5517,94.94783
5518,103.74044
5521,94.64676
5522,103.89004
5527,95.109276
5528,94.29373
5529,111.56371
5532,93.95218
5533,112.434074
5535,103.63286
5536,103.968506
5540,94.134415
5547,94.08226
5548,111.492966
5550,79.13663
5551,93.700485
5554,111.98503
5555,93.817505
5559,111.739456
5560,94.77078
5561,112.08939
5562,93.50757
5563,112.43204
5565,79.10743
5566,94.25972
5567,103.94419
5568,94.76603
5572,94.24319
5574,94.64375
5576,93.680534
5579,112.42774
5580,78.93823
5581,94.355225
5583,94.9376
5584,112.077995
5586,111.91566
5587,94.19906
5589,102.95413
5591,102.95303
5592,93.75206
5593,111.53945
5594,94.624954
5595,78.893715
5596,111.39229
5597,111.89257
5598,114.57591
5599,94.0803
5602,112.265884
5603,94.624954
5605,93.518265
5607,94.41684
5608,112.32188
5609,93.73321
5610,94.130135
5612,93.9821
5613,111.82554
5614,94.505905
5616,94.02619
5621,94.88187
5623,94.08654
5628,113.33191
5629,94.773796
5631,94.77999
5633,96.20601
5638,103.61586
5639,94.63717
5640,105.1664
5645,94.25186
5646,79.40156
5649,94.05795
5653,111.92245
5655,112.32379
5656,94.04838
5658,94.67093
5662,113.92893
5663,93.65605
5667,94.53767
5670,94.0803
5671,102.9117
5672,94.61966
5673,103.223595
5674,94.11262
5675,103.13324
5676,94.936844
5679,111.39764
5683,112.016716
5687,94.7514
5688,79.13125
5690,94.041985
5691,112.11161
5692,94.29288
5693,110.944954
5694,94.628334
5697,112.507965
5698,94.39606
5699,111.43961
5704,94.41417
5707,111.49415
5709,103.81886
5710,94.334145
5714,94.36914
5718,94.405785
5721,94.33491
5723,94.94061
5724,112.301544
5725,94.42542
5726,111.89517
5729,96.14854
5730,103.94657
5731,94.45936
5733,79.24625
5736,94.70448
5741,104.39938
5745,111.76718
5747,94.97736
5748,104.46118
5750,112.51267
5751,94.260544
5752,94.782036
5754,94.081764
5755,94.91756
5757,95.00287
5758,114.89621
5760,103.756454
5762,103.27103
5766,111.27714
5768,96.213264
5769,115.370575
5770,94.58984
5771,112.36097
5772,94.35111
5773,110.79327
5774,94.42167
5776,94.458
5777,111.57291
5778,94.82159
5780,113.30457
5782,94.08653
5783,79.53828
5784,96.318504
5786,94.744446
5788,94.9587
5789,112.78914
5790,94.67878
5791,104.16191
5793,106.05272
5794,94.61581
5796,115.01768
5797,94.58237
5801,94.317085
5803,94.91089
5804,112.41473
5805,94.311935
5806,79.52395
5808,111.701195
5813,94.37394
5815,95.19579
5816,104.65053
5822,94.81623
5823,111.54438
5825,104.64741
5827,112.18058
5829,103.17976
5830,94.52456
5831,112.05659
5832,94.75818
5833,111.572105
5837,113.21178
5838,94.13331
5839,95.51552
5842,105.1343
5844,111.72727
5845,103.81008
5846,111.89435
5848,79.2147
5850,112.362335
5851,94.144905
5853,95.66531
5854,103.91365
5858,105.00438
5860,111.954216
5864,103.57188
5866,94.75307
5867,111.13514
5868,94.076164
5869,111.7956
5870,94.739395
5871,112.244415
5874,112.26483
5876,111.97332
5877,93.532486
5878,94.46797
5879,111.273506
5880,93.675476
5884,93.74145
5886,110.68383
5890,101.15482
5896,93.77232
5897,102.71931
5898,94.781746
5901,103.81554
5903,110.77923
5906,93.7077
5908,110.77923
5909,93.66714
5910,111.169525
5911,93.64706
5912,111.56887
5914,111.86893
5919,110.77923
5924,94.525856
5926,93.66281
5929,103.63869
5930,93.23088
5932,94.49305
5933,111.78075
5934,93.46423
5935,110.65198
5936,93.63889
5937,112.178986
5938,93.84469
5939,109.75753
5942,111.26642
5943,93.58069
5944,104.55608
5946,110.74224
5951,93.3339
5953,102.65208
5954,93.78033
5957,103.16376
5961,93.7601
5962,104.513275
5964,80.2566
5965,93.87151
5968,111.85756
5969,93.672745
5974,93.85897
5975,111.53166
5978,78.7094
5981,103.14973
5982,94.20562
5983,111.90976
5989,109.841034
5991,93.53444
5992,103.49066
5995,94.22519
5996,102.70794
5997,110.826805
5998,94.082306
5999,79.627914
6001,111.02699
6002,94.118286
6003,110.58959
6004,93.78033
6006,111.61083
6007,93.16966
6011,102.74983
6012,103.34779
6014,93.61431
6015,102.91975
6016,94.090805
6017,111.21116
6018,94.749
6024,94.42245
6025,103.82537
6026,112.14113
6028,111.399124
6029,78.53599
6030,94.12427
6036,111.85756
6040,93.364655
6041,111.65648
6042,94.11217
6044,93.77642
6045,103.08169
6047,103.31568
6048,93.65522
6049,110.88632
6051,114.21044
6052,110.71105
6053,93.0495
6054,111.46253
6058,104.475395
6059,93.6741
6062,94.749
6063,114.26146
6064,103.01814
6065,93.364655
6067,94.08142
6068,111.76848
6070,102.717125
6071,101.3323
6072,110.37353
6080,110.37353
6081,93.73086
6084,104.527306
6087,93.81102
6089,104.26092
6092,110.37353
6094,93.23812
6095,110.78189
6097,113.49717
6100,93.96497
6104,104.89349
6105,93.207726
6106,110.882324
6107,78.719444
6108,93.37346
6109,110.37353
6110,93.33534
6114,110.37353
6116,93.746
6117,103.54168
6118,94.01102
6123,78.58221
6125,110.76786
6128,111.673935
6130,103.08588
6132,111.41662
6137,78.61982
6139,111.850655
6140,94.05825
6141,113.49717
6142,103.56865
6144,108.874565
6145,94.32981
6146,94.09167
6149,93.2979
6156,93.961395
6159,112.15516
6160,94.05825
6162,103.34233
6164,111.35526
6165,93.11086
6168,78.71388
6169,110.98851
6170,94.42269
6171,111.637184
6172,92.92033
6173,115.07148
6176,94.87128
6177,92.70896
6178,94.19398
6180,93.881836
6181,103.203964
6182,94.115295
6185,93.50653
6186,111.62836
6188,111.64337
6189,94.32695
6192,104.64958
6193,93.73142
6194,103.203964
6195,94.39894
6196,114.14194
6197,93.26414
6201,111.63119
6202,93.86399
6203,111.76018
6204,93.33
6207,114.58812
6209,94.357635
6210,93.09251
6211,112.400444
6213,111.64631
6216,92.78501
6217,93.905846
6219,93.50438
6222,78.88167
6223,93.77079
6235,94.87128
6240,93.89489
6242,94.11089
6247,93.728905
6251,111.96858
6254,111.55141
6255,94.17869
6260,102.66202
6261,93.69395
6262,104.67972
6264,111.61503
6269,104.23147
6271,104.81555
6275,111.0306
6276,93.97139
6278,93.93954
6279,110.92684
6281,112.25624
6284,93.705765
6286,94.3243
6287,78.74259
6288,93.48484
6292,94.0224
6293,93.34656
6295,94.24063
6298,111.61811
6300,110.965
6304,103.142296
6308,111.63445
6310,93.902306
6312,110.434135
6320,93.84042
6324,93.22857
6325,111.64224
6330,94.526115
6336,110.83075
6340,104.62772
6341,94.828636
6342,103.09484
6344,93.220116
6345,111.81877
6347,110.88763
6348,94.38956
6349,111.578896
6351,78.78864
6353,111.69232
6354,93.174706
6357,94.12011
6358,103.27049
6360,102.9012
6363,112.895775
6364,93.013374
6368,111.2301
6370,93.67264
6371,93.473
6377,94.022835
6379,93.40213
6381,93.85606
6382,78.75864
6383,110.83525
6388,110.59455
6390,110.47995
6392,102.44452
6393,93.65268
6395,94.32614
6398,102.50234
6401,78.77835
6402,93.74241
6403,111.13266
6405,93.633446
6406,93.1199
6407,110.81341
6409,103.26129
6411,93.70127
6413,93.43429
6416,104.65835
6417,93.34313
6418,94.174385
6419,114.475296
6420,110.98081
6426,111.374756
6429,93.703156
6430,93.39317
6431,111.01335
6432,94.05613
6434,93.957855
6437,111.48072
6438,93.85041
6439,102.73657
6440,93.417946
6441,93.98026
6442,110.13668
6443,93.35532
6445,93.91411
6448,110.62566
6450,110.80316
6453,94.13892
6455,93.20936
6457,93.479866
6458,111.44874
6461,93.50466
6464,111.358765
6467,93.28192
6469,94.24796
6470,78.37998
6471,93.70938
6473,102.5227
6474,93.19966
6479,93.47987
6481,93.943634
6484,110.13231
6495,94.4782
6496,111.57785
6505,110.046135
6506,93.94983
6508,94.40013
6509,93.081566
6510,102.71592
6512,102.7289
6513,93.44798
6514,111.79492
6515,93.856186
6519,93.63661
6521,93.42358
6523,78.51823
6525,104.2096
6526,93.31614
6528,93.672104
6529,111.35476
6531,103.63204
6533,103.911736
6534,93.35586
6535,110.48167
6536,92.82938
6537,111.9199
6540,93.91281
6541,110.52944
6547,93.40274
6548,111.1416
6551,111.148895
6553,110.81085
6555,104.21544
6556,94.40013
6561,78.42239
6564,93.124405
6565,110.48167
6568,93.71789
6569,109.96832
6573,102.77383
6574,93.483604
6577,111.04235
6579,112.72744
6581,93.31325
6582,110.86884
6585,104.35714
6586,94.53973
6589,102.565186
6590,78.545815
6593,93.66272
6594,110.904594
6595,93.53015
6599,92.650024
6600,93.96897
6601,110.932785
6602,92.63186
6603,110.518654
6604,93.94
6607,103.000565
6608,103.775536
6609,93.57183
6611,92.99437
6613,109.96832
6614,93.663124
6616,93.35949
6617,109.96832
6618,93.44798
6619,102.41942
6621,104.18642
6627,102.67031
6629,110.87909
6631,78.562065
6634,93.78306
6636,93.46543
6638,93.71789
6639,109.96832
6641,110.532684
6642,94.13309
6651,113.34019
6654,78.44231
6657,93.77463
6663,92.87261
6665,110.88957
6666,93.838554
6668,93.44798
6669,104.16421
6670,93.64189
6671,93.85227
6673,93.09471
6675,93.68132
6676,78.59297
6677,93.06433
6679,93.9328
6680,111.53491
6681,102.753235
6685,102.82831
6688,93.40338
6689,93.56251
6690,110.68456
6692,110.10973
6693,93.81731
6694,93.50051
6698,114.445244
6699,93.08058
6700,110.94358
6701,93.493675
6702,110.298904
6704,93.56251
6707,109.9633
6712,110.51019
6713,94.04332
6715,93.23005
6721,110.67301
6722,93.3676
6723,111.40392
6724,93.99979
6725,114.344284
6731,111.2229
6735,98.93811
6736,92.45127
6737,107.16834
6738,93.243774
6739,102.25074
6741,101.436646
6743,92.819466
6745,92.91073
6747,110.41591
6749,92.46581
6750,102.31627
6751,113.634186
6752,93.14535
6753,109.33196
6755,115.65489
6756,92.49092
6757,102.224495
6759,110.38179
6761,92.83889
6763,92.91062
6764,114.12119
6765,93.13827
6766,110.33449
6768,110.72154
6771,92.60176
6773,92.654625
6774,93.01869
6778,102.15079
6779,93.98888
6781,91.53344
6784,93.12152
6786,92.75326
6787,110.784454
6790,92.07775
6793,102.356895
6795,109.28853
6798,110.667816
6806,101.738625
6807,92.79136
6810,92.65075
6815,109.838005
6816,92.53226
6817,101.04195
6818,92.73045
6819,102.07773
6820,93.05465
6822,92.207664
6823,113.80944
6824,109.892685
6825,92.87559
6828,78.082306
6829,110.833115
6831,109.77102
6832,92.52548
6833,110.55569
6834,92.89299
6836,92.98578
6837,109.98434
6838,92.607765
6840,101.74915
6843,91.93703
6845,91.73218
6846,92.145874
6847,110.12917
6851,110.78832
6852,92.62166
6853,110.89764
6858,93.48772
6861,110.79044
6863,110.443535
6864,78.172714
6865,93.41603
6866,110.08349
6867,93.66157
6868,101.93707
6869,93.00194
6870,110.028824
6874,109.65524
6875,93.04596
6877,110.830246
6878,92.79962
6880,92.94876
6883,110.108765
6884,92.56589
6886,92.910805
6890,93.35064
6893,109.63606
6894,92.03797
6899,110.59827
6900,92.67431
6904,92.57397
6905,109.21938
6906,92.16506
6910,92.028534
6912,102.3809
6913,110.97489
6920,92.18222
6922,92.853455
6923,109.143105
6926,92.90165
6927,109.5445
6928,92.00684
6931,107.85471
6933,92.39635
6936,91.70428
6937,109.88719
6939,109.79154
6941,92.85964
6942,109.132645
6943,92.74223
6944,101.22509
6945,92.89354
6946,110.318985
6947,112.855835
6949,102.09827
6951,101.936455
6953,109.141
6954,92.634796
6955,110.85055
6963,108.15059
6964,92.54148
6966,92.860405
6968,92.02718
6970,101.76482
6972,109.18736
6976,110.94547
6978,109.836174
6981,102.2043
6985,102.02973
6986,92.36427
6987,111.12204
6989,110.62144
6991,113.757645
6993,110.29728
6994,92.60796
6995,110.53191
6996,92.98538
6997,110.74788
6998,77.74205
7001,108.12318
7003,109.56912
7006,92.82983
7008,101.73113
7010,91.7417
7011,92.71243
7012,109.71301
7013,92.52499
7014,110.074524
7017,101.56136
7018,92.77952
7019,91.575676
7023,92.86125
7024,101.71613
7025,92.26794
7026,110.4813
7027,92.716774
7028,110.21666
7030,109.143105
7031,92.13016
7033,110.580956
7036,92.078094
7037,92.9677
7039,92.74442
7044,92.47636
7045,109.87316
7046,92.811455
7049,102.493904
7050,93.3547
7051,101.76482
7054,108.0591
7055,93.019646
7057,92.163994
7060,110.58293
7061,93.71898
7063,91.33357
7064,110.10287
7067,92.674
7071,91.926834
7074,101.574036
7075,92.62463
7078,109.87316
7079,92.47563
7080,112.753815
7081,92.73138
7082,109.87316
7083,92.44279
7085,111.4275
7092,101.96555
7094,92.582
7100,92.84049
7101,109.27568
7102,109.836174
7104,109.84974
7105,93.71898
7106,92.77952
7107,101.36645
7108,77.704544
7109,92.810265
7110,109.88719
7112,92.845665
7113,101.76482
7114,93.08254
7116,109.836174
7117,93.71898
7118,101.6524
7120,92.70373
7121,101.771065
7123,101.1725
7124,93.54037
7127,105.364296
7131,101.225746
7132,92.66902
7133,91.88703
7134,109.807076
7135,92.461754
7136,110.72992
7137,92.01231
7141,92.93681
7144,102.00306
7147,110.25331
7148,92.02564
7150,92.167694
7151,92.70373
7152,101.37279
7154,92.39866
7156,93.18909
7157,101.59096
7159,113.80866
7161,93.52444
7163,92.773026
7164,101.117226
7167,78.01676
7169,101.72409
7170,92.76662
7173,92.76689
7174,101.59613
7177,110.08465
7178,102.67151
7179,92.55822
7180,79.15569
7181,109.78151
7182,92.49261
7184,92.77952
7185,110.74788
7186,92.35231
7187,113.34067
7188,92.737854
7189,110.726974
7191,101.53784
7193,108.09557
7197,93.36926
7199,92.45384
7200,109.87316
7201,92.461754
7204,92.64953
7207,110.2622
7209,110.19706
7210,92.550095
7211,103.25878
7213,92.428635
7214,110.74788
7216,110.57409
7217,92.905785
7220,110.53191
7224,109.143105
7225,92.60413
7226,110.57409
7227,92.62463
7234,110.74788
7236,98.15144
7239,102.716415
7240,92.83334
7242,112.64684
7244,110.15518
7245,91.948875
7247,109.71251
7248,91.93052
7249,113.79463
7250,110.448494
7251,92.39369
7252,110.78052
7253,77.88688
7256,92.421906
7260,92.746414
7261,110.667534
7264,93.365906
7269,110.7763
7270,92.80728
7273,110.58293
7279,91.953926
7281,109.78151
7284,92.49976
7285,111.0402
7286,113.78645
7287,92.156624
7289,92.623535
7292,92.22596
7293,109.93992
7296,92.512405
7297,110.31337
7298,91.616295
7299,110.825775
7301,101.395584
7304,110.1263
7306,114.86763
7308,92.623535
7309,100.90507
7312,92.225716
7313,77.88688
7314,92.43475
7316,92.30904
7319,114.11091
7321,93.351
7323,92.696785
7324,101.35542
7325,92.4449
7328,101.14612
7330,77.81781
7334,92.36249
7337,110.74788
7338,93.41236
7339,92.38772
7341,91.50805
7342,110.55857
7344,110.15002
7345,110.18895
7347,108.080055
7349,109.76599
7350,92.306404
7353,110.27566
7355,110.11499
7356,92.20418
7357,110.673004
7358,92.86646
7360,91.80266
7363,102.96071
7364,93.01697
7366,92.51384
7368,92.64596
7369,109.88155
7370,91.99923
7373,92.52213
7374,109.35866
7375,92.43616
7377,92.57688
7379,91.67791
7380,113.03761
7382,109.79285
7383,92.486725
7385,92.31285
7386,101.65864
7391,92.93435
7394,108.11371
7396,110.386314
7397,91.93034
7399,92.40272
7400,101.94795
7403,77.696655
7405,110.380356
7408,109.95244
7414,110.3242
7416,102.37167
7417,92.35117
7419,91.59239
7420,107.13999
7421,92.3931
7422,92.91222
7423,102.680885
7425,77.904396
7430,92.168495
7432,92.65923
7433,92.54735
7434,108.98708
7436,108.03287
7437,91.9982
7438,101.615326
7440,102.78302
7441,92.19626
7442,110.02938
7445,110.38854
7446,101.0771
7448,109.26076
7450,101.85514
7451,92.2851
7454,110.40673
7455,91.809685
7457,110.16453
7459,101.06307
7462,92.44022
7464,92.2851
7465,109.58228
7466,92.45651
7467,110.12826
7469,110.51319
7472,92.27883
7473,109.080925
7479,92.212395
7480,102.03609
7484,109.23683
7491,92.07809
7494,102.66006
7495,92.36411
7501,92.05998
7503,92.43274
7504,101.70264
7505,92.762024
7508,110.43266
7509,91.73824
7510,77.83841
7511,109.82004
7515,92.30839
7516,102.04221
7517,93.33359
7518,102.442856
7519,92.0852
7521,92.8134
7522,101.511856
7524,101.92696
7526,101.86526
7527,92.67809
7528,101.23932
7529,92.5395
7534,108.997025
7537,109.53696
7538,93.04781
7540,92.16463
7541,110.44259
7545,109.71933
7551,110.91968
7553,92.25655
7554,101.27234
7555,93.28903
7561,110.39032
7562,92.76977
7564,92.15302
7565,102.896835
7566,92.36869
7567,109.29103
7569,100.95862
7570,92.643486
7571,112.847206
7572,91.9142
7574,102.1072
7578,110.31535
7579,92.50168
7586,91.80495
7587,78.272606
7590,92.02041
7593,109.04269
7594,92.31108
7595,92.36869
7600,91.57799
7601,77.728516
7602,92.28123
7603,111.43191
7604,91.725845
7606,92.002945
7608,110.879166
7613,77.77801
7615,110.09723
7616,108.03403
7617,114.22784
7618,92.57303
7619,101.6644
7622,93.05978
7623,101.2716
7624,92.59328
7625,101.97357
7626,92.22787
7627,101.465775
7628,77.851585
7631,102.63106
7632,101.6644
7633,92.72128
7634,113.861084
7635,92.440384
7636,110.64746
7637,110.64746
7639,91.78358
7640,77.93303
7644,109.78826
7645,92.26378
7648,101.80872
7649,93.334755
7650,109.68109
7652,109.544044
7653,91.615585
7655,92.350494
7659,110.00018
7662,92.81723
7664,92.42958
7666,93.09542
7668,91.78024
7669,108.9627
7670,92.591446
7672,93.19995
7673,109.52759
7678,92.0591
7679,78.12214
7680,102.773895
7683,91.61287
7685,113.75816
7688,92.35131
7690,107.970474
7692,91.9207
7693,92.90864
7695,110.630394
7696,92.13718
7698,92.2853
7699,110.43234
7702,91.59241
7703,110.456604
7704,93.14574
7707,109.76856
7713,77.93913
7715,101.826935
7717,110.04653
7718,91.89682
7719,101.985214
7721,109.52767
7722,92.83703
7725,101.02823
7727,101.21227
7730,78.25844
7733,91.56276
7735,101.01645
7740,110.33292
7741,110.06443
7742,91.375755
7744,110.53855
7747,91.92286
7750,77.681404
7752,110.52265
7754,110.92257
7756,103.152534
7757,92.28667
7758,103.01033
7760,102.599335
7761,92.161316
7763,109.67032
7765,91.78717
7767,110.50671
7768,91.77239
7771,92.59959
7773,91.53614
7774,111.77879
7776,102.50173
7779,91.62611
7783,91.21979
7786,102.70512
7787,91.71197
7789,91.73351
7791,92.11557
7793,91.59881
7794,109.514755
7795,91.89068
7799,77.59815
7800,110.077385
7802,93.00965
7805,109.84266
7807,100.87664
7808,92.44051
7811,101.93628
7817,107.969475
7818,101.60283
7819,91.81711
7822,91.49131
7823,110.10704
7825,111.198524
7828,91.823105
7832,92.02341
7833,77.754326
7834,110.36419
7835,91.77855
7837,91.92533
7840,92.03516
7842,92.51677
7843,109.88538
7844,91.69997
7846,92.161316
7850,91.732445
7853,109.76811
7855,110.97612
7858,91.78759
7863,110.03381
7865,109.687325
7866,91.29945
7868,91.35048
7869,110.33375
7871,77.74775
7872,101.17063
7874,101.2413
7877,110.609215
7878,92.00274
7879,109.572296
7881,91.837845
7883,91.880844
7885,101.330864
7886,91.93549
7889,93.05782
7890,102.34506
7891,91.70272
7893,92.29075
7894,102.61001
7896,109.61952
7898,101.0738
7901,91.98038
7902,107.97438
7904,110.65423
7905,92.23003
7906,114.33905
7909,92.0368
7910,101.192406
7913,91.79057
7918,109.687325
7919,91.775
7923,91.22452
7925,92.05641
7927,91.350746
7930,91.96765
7932,92.562935
7933,91.76079
7935,91.97361
7939,101.58723
7942,91.341705
7943,109.207466
7945,102.293945
7946,92.11728
7948,91.96176
7949,108.90193
7950,91.38891
7951,110.50671
7955,101.310905
7959,92.473366
7960,110.33292
7961,92.06949
7962,101.771675
7964,101.58765
7965,92.09521
7966,109.687325
7967,101.697495
7968,92.90619
7971,101.82803
7974,91.775
7976,106.96758
7978,109.993286
7982,110.33292
7983,92.0368
7984,101.76189
7986,91.68333
7989,108.90193
7991,107.97438
7992,110.000946
7993,91.92049
7994,109.65034
7995,92.02341
7997,91.461
7998,101.76189
7999,107.969475
8002,92.12213
8007,92.203636
8009,92.13718
8011,92.23526
8013,92.18481
8015,101.74564
8017,110.33404
8019,113.66359
8023,91.935585
8024,110.33292
8026,110.1868
8027,91.500854
8029,92.10989
8030,110.198395
8031,91.93819
8033,92.15272
8035,91.88587
8036,102.39228
8039,102.56047
8042,91.2717
8044,91.33032
8046,77.825066
8048,110.45591
8049,92.23003
8050,101.79242
8053,91.995316
8054,91.85477
8059,91.50306
8061,92.04535
8062,109.93723
8064,109.730225
8066,101.56013
8067,91.81727
8068,92.35929
8070,91.838066
8071,109.75408
8072,92.513
8076,91.64919
8080,91.25508
8081,110.39716
8084,99.67156
8087,109.97906
8089,91.10813
8090,113.85026
8091,101.68362
8094,111.6194
8100,90.76283
8101,91.88633
8110,92.43586
8111,107.97438
8112,93.082016
8115,108.84774
8116,91.97272
8118,109.730225
8121,113.8872
8125,109.96342
8127,110.12953
8128,92.2576
8129,107.88302
8131,93.06751
8138,92.37591
8139,101.10592
8140,91.55664
8141,91.56997
8142,109.435936
8143,110.02929
8145,110.1868
8146,91.25177
8148,110.18881
8153,110.28313
8154,91.04067
8155,110.43905
8161,92.2261
8162,110.52191
8163,91.36054
8166,110.034615
8168,110.369606
8170,92.64341
8172,107.948395
8173,92.222275
8176,101.72378
8179,91.87444
8181,92.49043
8182,113.519806
8184,110.316376
8190,102.66553
8191,92.64673
8194,110.016525
8196,109.50075
8198,110.439644
8199,109.74948
8201,110.70121
8202,91.862076
8207,92.26927
8208,107.75817
8211,110.1704
8214,108.11671
8217,91.91748
8218,110.13398
8222,92.326904
8229,103.84252
8231,92.47226
8233,93.05205
8236,92.01662
8238,110.410706
8240,100.88102
8243,102.16821
8246,109.716
8250,92.24634
8254,92.926575
8256,77.60332
8257,110.15308
8258,92.43466
8260,92.64825
8261,110.56856
8263,112.156494
8264,92.58951
8267,109.06318
8268,91.84576
8271,91.884026
8272,107.68122
8275,92.30363
8276,92.51862
8277,102.75099
8278,113.5088
8279,91.883286
8280,109.286354
8281,92.24673
8282,109.943405
8287,110.436325
8288,92.12002
8289,110.70286
8294,91.92627
8296,92.05228
8299,110.271355
8302,101.66476
8308,111.030876
8314,101.78374
8315,92.62443
8316,108.890915
8317,92.480675
8319,110.47546
8320,91.404305
8321,114.3051
8323,92.35342
8325,92.43685
8326,110.48229
8328,107.77258
8330,110.21518
8331,92.01215
8332,112.04817
8334,92.5458
8338,91.77443
8339,92.43876
8341,91.961716
8345,110.13385
8346,92.35351
8347,101.81379
8349,92.43649
8351,92.50986
8352,110.22308
8353,107.825775
8355,110.52698
8358,107.74479
8359,109.901634
8360,92.54252
8361,109.60161
8363,101.9743
8364,92.61637
8365,92.675705
8366,101.475266
8370,109.86168
8372,92.65474
8376,92.7706
8377,110.56642
8379,109.89696
8380,92.4923
8381,111.30928
8386,91.33331
8388,100.64269
8389,92.68109
8391,110.681725
8394,93.06598
8396,102.056366
8398,101.50522
8400,111.49633
8401,92.10328
8404,92.069534
8407,92.84256
8408,109.52547
8409,107.877464
8410,102.11952
8411,92.72572
8413,92.49155
8414,109.54423
8416,92.04435
